avg_path_length,avg_stage2_count,count_INVALID_EDGE,count_MISSING_TARGET,count_NO_EOS,count_OVER_SHOOT,count_SUCCESS,num_pairs,rate_INVALID_EDGE,rate_MISSING_TARGET,rate_NO_EOS,rate_OVER_SHOOT,rate_SUCCESS,step,task_type
3.8074074074074074,1.4370370370370371,0,20,114,1,0,135,0,0.14814814814814814,0.8444444444444444,0.007407407407407408,0.0,5000,s1s3
3.8074074074074074,1.711111111111111,1,16,117,1,0,135,0.007407407407407408,0.11851851851851852,0.8666666666666667,0.007407407407407408,0.0,10000,s1s3
